[
{
  "model": "webapp.article",
  "pk": 67,
  "fields": {
    "created_at": "2023-12-19T10:52:19.308Z",
    "updated_at": "2023-12-19T13:06:55.123Z",
    "title": "Статья 1",
    "content": "Hand music join skill modern. Concern decide audience letter. One understand account.\r\nNational to charge science. View enter catch under father pretty hear.",
    "author": 1,
    "tags": []
  }
},
{
  "model": "webapp.article",
  "pk": 68,
  "fields": {
    "created_at": "2023-12-19T10:52:19.311Z",
    "updated_at": "2023-12-19T10:52:19.311Z",
    "title": "Статья 2",
    "content": "For our rule believe little character inside.\nSummer herself whether go back. Yes explain federal role. Control structure project evidence. This rather book someone course.",
    "author": 1,
    "tags": []
  }
},
{
  "model": "webapp.article",
  "pk": 69,
  "fields": {
    "created_at": "2023-12-19T10:52:19.313Z",
    "updated_at": "2023-12-19T10:52:19.313Z",
    "title": "Статья 3",
    "content": "Either create yes continue seat. Senior stay any pick across.\nMiss with thousand form thought. Sit anyone society sure defense still. Bed college exactly hard.",
    "author": 1,
    "tags": []
  }
},
{
  "model": "webapp.article",
  "pk": 70,
  "fields": {
    "created_at": "2023-12-19T10:52:19.314Z",
    "updated_at": "2023-12-19T10:52:19.314Z",
    "title": "Статья 4",
    "content": "Wife type expert station worry pull PM eight. Charge religious great effect such.\nAble action north moment.",
    "author": 1,
    "tags": []
  }
},
{
  "model": "webapp.article",
  "pk": 71,
  "fields": {
    "created_at": "2023-12-19T10:52:19.316Z",
    "updated_at": "2023-12-19T10:52:19.316Z",
    "title": "Статья 5",
    "content": "Between many list say. Shoulder economy decade have become color machine. Republican energy able market focus.",
    "author": 1,
    "tags": []
  }
},
{
  "model": "webapp.article",
  "pk": 72,
  "fields": {
    "created_at": "2023-12-19T10:52:19.317Z",
    "updated_at": "2023-12-19T10:52:19.317Z",
    "title": "Статья 6",
    "content": "Particularly behavior science help foreign great difficult decision. Democrat house reveal doctor. Difference talk best policy culture line development.",
    "author": 1,
    "tags": []
  }
},
{
  "model": "webapp.article",
  "pk": 73,
  "fields": {
    "created_at": "2023-12-19T10:52:19.318Z",
    "updated_at": "2023-12-19T10:52:19.318Z",
    "title": "Статья 7",
    "content": "Sport with community feeling hot international develop. Add share a show big general other police.\nSoon phone subject while. True rich level responsibility begin race.",
    "author": 1,
    "tags": []
  }
},
{
  "model": "webapp.article",
  "pk": 74,
  "fields": {
    "created_at": "2023-12-19T10:52:19.319Z",
    "updated_at": "2023-12-19T10:52:19.319Z",
    "title": "Статья 8",
    "content": "Memory professional debate something general. Use drop white produce want north change. Because other early drug.\nWay agency investment mention certainly discover. Method main late.",
    "author": 1,
    "tags": []
  }
},
{
  "model": "webapp.article",
  "pk": 75,
  "fields": {
    "created_at": "2023-12-19T10:52:19.321Z",
    "updated_at": "2023-12-19T10:52:19.321Z",
    "title": "Статья 9",
    "content": "Build human free street church stock.",
    "author": 1,
    "tags": []
  }
},
{
  "model": "webapp.article",
  "pk": 76,
  "fields": {
    "created_at": "2023-12-19T10:52:19.322Z",
    "updated_at": "2023-12-19T10:52:19.322Z",
    "title": "Статья 10",
    "content": "Shoulder the simple recognize many environmental remain. Myself poor information guess world. Vote future certainly citizen.",
    "author": 1,
    "tags": []
  }
},
{
  "model": "webapp.article",
  "pk": 77,
  "fields": {
    "created_at": "2023-12-19T10:52:19.324Z",
    "updated_at": "2023-12-19T10:52:19.324Z",
    "title": "Статья 11",
    "content": "Base enough single reach second find politics. Worker dark each why edge beautiful. Sit beyond say white voice try.\nGood commercial coach white term. Conference bad available notice newspaper.",
    "author": 1,
    "tags": []
  }
},
{
  "model": "webapp.article",
  "pk": 78,
  "fields": {
    "created_at": "2023-12-19T10:52:19.325Z",
    "updated_at": "2023-12-19T10:52:19.325Z",
    "title": "Статья 12",
    "content": "Republican describe raise necessary use fine event. Around improve force bit mind agency. Always necessary run not property.",
    "author": 1,
    "tags": []
  }
},
{
  "model": "webapp.article",
  "pk": 79,
  "fields": {
    "created_at": "2023-12-19T10:52:19.327Z",
    "updated_at": "2023-12-19T10:52:19.327Z",
    "title": "Статья 13",
    "content": "Hair rather dog no major manager stock finish. Bed son action page help hard then.\nTv report behind difficult. Success campaign best likely. Write party hard work. For maybe with seven order require.",
    "author": 1,
    "tags": []
  }
},
{
  "model": "webapp.article",
  "pk": 80,
  "fields": {
    "created_at": "2023-12-19T10:52:19.329Z",
    "updated_at": "2023-12-19T10:52:19.329Z",
    "title": "Статья 14",
    "content": "Small eat threat until appear animal personal management. Party drop too recent. Commercial you ago truth among.\nSong tough country surface last middle rich shoulder. Full left their forward.",
    "author": 1,
    "tags": []
  }
},
{
  "model": "webapp.article",
  "pk": 81,
  "fields": {
    "created_at": "2023-12-19T10:52:19.331Z",
    "updated_at": "2023-12-19T10:52:19.331Z",
    "title": "Статья 15",
    "content": "Eight evidence mean particular. Others any rise someone evidence. Action accept picture.\nDevelopment lot protect purpose answer speech hear. About do it table woman skin. That answer because behind.",
    "author": 1,
    "tags": []
  }
},
{
  "model": "webapp.article",
  "pk": 82,
  "fields": {
    "created_at": "2023-12-19T10:52:19.333Z",
    "updated_at": "2023-12-19T10:52:19.333Z",
    "title": "Статья 16",
    "content": "Leave sing former happen small industry edge. Take behind suddenly design picture far. After conference chair allow six change clear.",
    "author": 1,
    "tags": []
  }
},
{
  "model": "webapp.article",
  "pk": 83,
  "fields": {
    "created_at": "2023-12-19T10:52:19.335Z",
    "updated_at": "2023-12-19T10:52:19.335Z",
    "title": "Статья 17",
    "content": "Nearly situation wind east. Computer sister catch get.\nAdd front role item. Central shoulder officer return husband.",
    "author": 1,
    "tags": []
  }
},
{
  "model": "webapp.article",
  "pk": 84,
  "fields": {
    "created_at": "2023-12-19T10:52:19.337Z",
    "updated_at": "2023-12-19T10:52:19.337Z",
    "title": "Статья 18",
    "content": "Leader baby present else decision follow three. Suggest safe key them.\nBar positive short lay resource. Wide cut staff say some executive window sometimes.",
    "author": 1,
    "tags": []
  }
},
{
  "model": "webapp.article",
  "pk": 85,
  "fields": {
    "created_at": "2023-12-19T10:52:19.338Z",
    "updated_at": "2023-12-19T10:52:19.338Z",
    "title": "Статья 19",
    "content": "Safe risk better that health bank. Walk quality total standard. Pick cultural ok issue wind.\nTask draw speak. Box push sort economy hard son move.\nExecutive clearly until know western.",
    "author": 1,
    "tags": []
  }
},
{
  "model": "webapp.article",
  "pk": 86,
  "fields": {
    "created_at": "2023-12-19T10:52:19.340Z",
    "updated_at": "2023-12-19T10:52:19.340Z",
    "title": "Статья 20",
    "content": "Big management even relate candidate. Former single bed.\nScience choose thing much. White doctor Mrs administration answer simple ready.\nGuess rest yourself side. Simple maintain address.",
    "author": 1,
    "tags": []
  }
},
{
  "model": "webapp.article",
  "pk": 87,
  "fields": {
    "created_at": "2023-12-19T10:52:19.342Z",
    "updated_at": "2023-12-19T10:52:19.342Z",
    "title": "Статья 21",
    "content": "Bit well a both college about. Main man hold left. Unit single believe fire fish too. Later start everybody there debate size sport garden.\nFish Republican management. Affect newspaper safe.",
    "author": 1,
    "tags": []
  }
},
{
  "model": "webapp.article",
  "pk": 88,
  "fields": {
    "created_at": "2023-12-19T10:52:19.344Z",
    "updated_at": "2023-12-19T10:52:19.344Z",
    "title": "Статья 22",
    "content": "Contain source road blue brother. Boy next garden know.\nThus bad he. Actually card beat year.\nAnother floor address spring. Leg think foreign serious carry culture mention group.",
    "author": 1,
    "tags": []
  }
},
{
  "model": "webapp.article",
  "pk": 89,
  "fields": {
    "created_at": "2023-12-19T10:52:19.346Z",
    "updated_at": "2023-12-19T10:52:19.346Z",
    "title": "Статья 23",
    "content": "Protect similar myself often. Ahead plant short official themselves save book.\nRace too inside compare. Trade ask stay skin science media win. Instead seven rock cause government.",
    "author": 1,
    "tags": []
  }
},
{
  "model": "webapp.article",
  "pk": 90,
  "fields": {
    "created_at": "2023-12-19T10:52:19.347Z",
    "updated_at": "2023-12-19T10:52:19.347Z",
    "title": "Статья 24",
    "content": "Describe enjoy star scene think turn national. Business trade list former. Foreign commercial note.",
    "author": 1,
    "tags": []
  }
},
{
  "model": "webapp.article",
  "pk": 91,
  "fields": {
    "created_at": "2023-12-19T10:52:19.348Z",
    "updated_at": "2023-12-19T10:52:19.348Z",
    "title": "Статья 25",
    "content": "Serve trouble drop sound consumer box. Special bad agree there. Bag discuss thing.",
    "author": 1,
    "tags": []
  }
},
{
  "model": "webapp.article",
  "pk": 92,
  "fields": {
    "created_at": "2023-12-19T10:52:19.350Z",
    "updated_at": "2023-12-19T10:52:19.350Z",
    "title": "Статья 26",
    "content": "Government husband knowledge political seat able north. Free able sport your. Relationship lawyer never machine.\nRock vote field allow. Current dog letter oil music play alone. War who how of.",
    "author": 1,
    "tags": []
  }
},
{
  "model": "webapp.article",
  "pk": 93,
  "fields": {
    "created_at": "2023-12-19T10:52:19.351Z",
    "updated_at": "2023-12-19T10:52:19.351Z",
    "title": "Статья 27",
    "content": "Seek large why interesting. Standard stock south after we house popular. Traditional coach interesting near country ground.",
    "author": 1,
    "tags": []
  }
},
{
  "model": "webapp.article",
  "pk": 94,
  "fields": {
    "created_at": "2023-12-19T10:52:19.353Z",
    "updated_at": "2023-12-19T10:52:19.353Z",
    "title": "Статья 28",
    "content": "Green ready laugh rich. List check stock wear window same maintain. Reveal worry he country hospital people.",
    "author": 1,
    "tags": []
  }
},
{
  "model": "webapp.article",
  "pk": 95,
  "fields": {
    "created_at": "2023-12-19T10:52:19.354Z",
    "updated_at": "2023-12-19T10:52:19.354Z",
    "title": "Статья 29",
    "content": "Audience ago total red dog. Night address good front. Sea college drop wide.\nThough teach kitchen century. Knowledge direction defense he of. Yourself skill support over carry current along.",
    "author": 1,
    "tags": []
  }
},
{
  "model": "webapp.article",
  "pk": 96,
  "fields": {
    "created_at": "2023-12-19T10:52:19.355Z",
    "updated_at": "2023-12-19T10:52:19.355Z",
    "title": "Статья 30",
    "content": "Focus spend budget work real to fly. Physical themselves bag anything line teacher.\nPull reason role fight truth even. Then look about. When himself commercial money be teach give.",
    "author": 1,
    "tags": []
  }
},
{
  "model": "webapp.article",
  "pk": 97,
  "fields": {
    "created_at": "2023-12-19T10:52:19.357Z",
    "updated_at": "2023-12-19T10:52:19.357Z",
    "title": "Статья 31",
    "content": "Chance cold push degree certain. Explain hear before state choose carry scene.\nResponse discussion and last away father. Middle provide never institution both political car.",
    "author": 1,
    "tags": []
  }
},
{
  "model": "webapp.article",
  "pk": 98,
  "fields": {
    "created_at": "2023-12-19T10:52:19.358Z",
    "updated_at": "2023-12-19T10:52:19.358Z",
    "title": "Статья 32",
    "content": "School west big cut. Any step star plan blue dark.\nPer rich door cover author. Suddenly board force. Personal here surface traditional consider. Task many here detail southern major.",
    "author": 1,
    "tags": []
  }
},
{
  "model": "webapp.article",
  "pk": 99,
  "fields": {
    "created_at": "2023-12-19T10:52:19.359Z",
    "updated_at": "2023-12-19T10:52:19.359Z",
    "title": "Статья 33",
    "content": "Next person white sense fill pretty. Open ago realize country similar. Media door clearly green. Attack south south style American.",
    "author": 1,
    "tags": []
  }
},
{
  "model": "webapp.article",
  "pk": 100,
  "fields": {
    "created_at": "2023-12-19T10:52:19.361Z",
    "updated_at": "2023-12-19T10:52:19.361Z",
    "title": "Статья 34",
    "content": "Economic college history individual woman southern man would. Feeling thus network involve it whole seven.",
    "author": 1,
    "tags": []
  }
},
{
  "model": "webapp.article",
  "pk": 101,
  "fields": {
    "created_at": "2023-12-19T10:52:19.363Z",
    "updated_at": "2023-12-19T10:52:19.363Z",
    "title": "Статья 35",
    "content": "Party imagine deep cold station prove deep. Within item contain what last wish suddenly. Western power seven support item fast.",
    "author": 1,
    "tags": []
  }
},
{
  "model": "webapp.article",
  "pk": 102,
  "fields": {
    "created_at": "2023-12-19T10:52:19.364Z",
    "updated_at": "2023-12-19T10:52:19.364Z",
    "title": "Статья 36",
    "content": "There true practice more. Him question whole sometimes somebody deep executive.\nPositive person control war city body. A try industry get.",
    "author": 1,
    "tags": []
  }
},
{
  "model": "webapp.article",
  "pk": 103,
  "fields": {
    "created_at": "2023-12-19T10:52:19.365Z",
    "updated_at": "2023-12-19T10:52:19.365Z",
    "title": "Статья 37",
    "content": "News bag discuss what charge situation. Fill including early great PM cold window. Factor dinner art.",
    "author": 1,
    "tags": []
  }
},
{
  "model": "webapp.article",
  "pk": 104,
  "fields": {
    "created_at": "2023-12-19T10:52:19.367Z",
    "updated_at": "2023-12-19T10:52:19.367Z",
    "title": "Статья 38",
    "content": "Point according trial hotel bring possible thought PM. Similar ahead gas view store. Newspaper time statement enough hand position police. Audience wide wide north free get west teach.",
    "author": 1,
    "tags": []
  }
},
{
  "model": "webapp.article",
  "pk": 105,
  "fields": {
    "created_at": "2023-12-19T10:52:19.368Z",
    "updated_at": "2023-12-19T10:52:19.368Z",
    "title": "Статья 39",
    "content": "Play home anything medical. History gas who project.\nRespond explain set attorney collection. Pay page of require. Quality finish some garden. Offer matter but mission almost.",
    "author": 1,
    "tags": []
  }
},
{
  "model": "webapp.article",
  "pk": 106,
  "fields": {
    "created_at": "2023-12-22T13:12:57.190Z",
    "updated_at": "2023-12-22T13:12:57.190Z",
    "title": "test 12",
    "content": "qwqedqwedqwd",
    "author": 1,
    "tags": []
  }
},
{
  "model": "webapp.article",
  "pk": 107,
  "fields": {
    "created_at": "2023-12-22T13:14:27.538Z",
    "updated_at": "2023-12-22T13:14:27.538Z",
    "title": "qweasdasdasd",
    "content": "qwe",
    "author": 1,
    "tags": []
  }
},
{
  "model": "webapp.article",
  "pk": 108,
  "fields": {
    "created_at": "2023-12-22T13:15:25.701Z",
    "updated_at": "2023-12-22T13:15:25.701Z",
    "title": "test 23",
    "content": "eqweqweqw",
    "author": 1,
    "tags": []
  }
},
{
  "model": "webapp.article",
  "pk": 109,
  "fields": {
    "created_at": "2023-12-22T13:36:04.214Z",
    "updated_at": "2023-12-22T13:36:04.214Z",
    "title": "qweqweqweq",
    "content": "qwe",
    "author": 1,
    "tags": []
  }
},
{
  "model": "webapp.article",
  "pk": 110,
  "fields": {
    "created_at": "2023-12-29T14:09:20.574Z",
    "updated_at": "2023-12-29T14:09:20.574Z",
    "title": "qweqw",
    "content": "dasdasdasdasd",
    "author": 4,
    "tags": [
      1,
      2,
      3
    ]
  }
},
{
  "model": "webapp.article",
  "pk": 111,
  "fields": {
    "created_at": "2023-12-29T14:10:09.681Z",
    "updated_at": "2023-12-29T14:10:09.681Z",
    "title": "qweqw",
    "content": "dasdasdasdasd",
    "author": 4,
    "tags": [
      1,
      2,
      3
    ]
  }
},
{
  "model": "webapp.article",
  "pk": 112,
  "fields": {
    "created_at": "2023-12-29T14:28:42.322Z",
    "updated_at": "2023-12-29T14:28:42.322Z",
    "title": "asdasdasd",
    "content": "dqwdqw\r\ndwq\r\ndqw\r\nd\r\nqw\r\ndqw",
    "author": 3,
    "tags": [
      1,
      3
    ]
  }
},
{
  "model": "webapp.comment",
  "pk": 4,
  "fields": {
    "created_at": "2023-12-19T11:19:53.793Z",
    "updated_at": "2023-12-19T11:19:53.794Z",
    "article": 67,
    "text": "Put house and boy do relate school.",
    "author": 1
  }
},
{
  "model": "webapp.comment",
  "pk": 5,
  "fields": {
    "created_at": "2023-12-19T11:19:53.795Z",
    "updated_at": "2023-12-19T11:19:53.795Z",
    "article": 68,
    "text": "Anything course possible training.",
    "author": 1
  }
},
{
  "model": "webapp.comment",
  "pk": 6,
  "fields": {
    "created_at": "2023-12-19T11:19:53.796Z",
    "updated_at": "2023-12-19T11:19:53.796Z",
    "article": 69,
    "text": "Season race every.",
    "author": 1
  }
},
{
  "model": "webapp.comment",
  "pk": 7,
  "fields": {
    "created_at": "2023-12-19T11:19:53.797Z",
    "updated_at": "2023-12-19T11:19:53.797Z",
    "article": 70,
    "text": "Discussion vote newspaper.",
    "author": 1
  }
},
{
  "model": "webapp.comment",
  "pk": 8,
  "fields": {
    "created_at": "2023-12-19T11:19:53.798Z",
    "updated_at": "2023-12-19T11:19:53.798Z",
    "article": 71,
    "text": "History very little fire.",
    "author": 1
  }
},
{
  "model": "webapp.comment",
  "pk": 9,
  "fields": {
    "created_at": "2023-12-19T11:19:53.799Z",
    "updated_at": "2023-12-19T11:19:53.799Z",
    "article": 72,
    "text": "Control even doctor speech color.",
    "author": 1
  }
},
{
  "model": "webapp.comment",
  "pk": 10,
  "fields": {
    "created_at": "2023-12-19T11:19:53.799Z",
    "updated_at": "2023-12-19T11:19:53.799Z",
    "article": 73,
    "text": "The cell compare strategy.",
    "author": 1
  }
},
{
  "model": "webapp.comment",
  "pk": 11,
  "fields": {
    "created_at": "2023-12-19T11:19:53.800Z",
    "updated_at": "2023-12-19T11:19:53.800Z",
    "article": 74,
    "text": "Less young nor national power.",
    "author": 1
  }
},
{
  "model": "webapp.comment",
  "pk": 12,
  "fields": {
    "created_at": "2023-12-19T11:19:53.800Z",
    "updated_at": "2023-12-19T11:19:53.800Z",
    "article": 75,
    "text": "New than look deep board consumer.",
    "author": 1
  }
},
{
  "model": "webapp.comment",
  "pk": 13,
  "fields": {
    "created_at": "2023-12-19T11:19:53.801Z",
    "updated_at": "2023-12-19T11:19:53.801Z",
    "article": 76,
    "text": "Throw environment threat.",
    "author": 1
  }
},
{
  "model": "webapp.comment",
  "pk": 14,
  "fields": {
    "created_at": "2023-12-19T11:19:53.802Z",
    "updated_at": "2023-12-19T11:19:53.802Z",
    "article": 77,
    "text": "Since appear thousand art every manage.",
    "author": 1
  }
},
{
  "model": "webapp.comment",
  "pk": 15,
  "fields": {
    "created_at": "2023-12-19T11:19:53.803Z",
    "updated_at": "2023-12-19T11:19:53.803Z",
    "article": 78,
    "text": "Born tough production crime force.",
    "author": 1
  }
},
{
  "model": "webapp.comment",
  "pk": 16,
  "fields": {
    "created_at": "2023-12-19T11:19:53.804Z",
    "updated_at": "2023-12-19T11:19:53.804Z",
    "article": 79,
    "text": "Listen smile eat service mouth.",
    "author": 1
  }
},
{
  "model": "webapp.comment",
  "pk": 17,
  "fields": {
    "created_at": "2023-12-19T11:19:53.805Z",
    "updated_at": "2023-12-19T11:19:53.805Z",
    "article": 80,
    "text": "Image forget likely.",
    "author": 1
  }
},
{
  "model": "webapp.comment",
  "pk": 18,
  "fields": {
    "created_at": "2023-12-19T11:19:53.805Z",
    "updated_at": "2023-12-19T11:19:53.805Z",
    "article": 81,
    "text": "Trip why wall wait often.",
    "author": 1
  }
},
{
  "model": "webapp.comment",
  "pk": 19,
  "fields": {
    "created_at": "2023-12-19T11:19:53.806Z",
    "updated_at": "2023-12-19T11:19:53.806Z",
    "article": 82,
    "text": "Improve modern lay.",
    "author": 1
  }
},
{
  "model": "webapp.comment",
  "pk": 20,
  "fields": {
    "created_at": "2023-12-19T11:19:53.807Z",
    "updated_at": "2023-12-19T11:19:53.807Z",
    "article": 83,
    "text": "Leg maybe strategy event yourself.",
    "author": 1
  }
},
{
  "model": "webapp.comment",
  "pk": 21,
  "fields": {
    "created_at": "2023-12-19T11:19:53.807Z",
    "updated_at": "2023-12-19T11:19:53.807Z",
    "article": 84,
    "text": "Step try past check glass billion ball.",
    "author": 1
  }
},
{
  "model": "webapp.comment",
  "pk": 22,
  "fields": {
    "created_at": "2023-12-19T11:19:53.808Z",
    "updated_at": "2023-12-19T11:19:53.808Z",
    "article": 85,
    "text": "Old science important which.",
    "author": 1
  }
},
{
  "model": "webapp.comment",
  "pk": 23,
  "fields": {
    "created_at": "2023-12-19T11:19:53.809Z",
    "updated_at": "2023-12-19T11:19:53.809Z",
    "article": 86,
    "text": "Until may let here table American.",
    "author": 1
  }
},
{
  "model": "webapp.comment",
  "pk": 24,
  "fields": {
    "created_at": "2023-12-19T11:19:53.809Z",
    "updated_at": "2023-12-19T11:19:53.809Z",
    "article": 87,
    "text": "Design test later family modern.",
    "author": 1
  }
},
{
  "model": "webapp.comment",
  "pk": 25,
  "fields": {
    "created_at": "2023-12-19T11:19:53.810Z",
    "updated_at": "2023-12-19T11:19:53.810Z",
    "article": 88,
    "text": "Discover successful little future.",
    "author": 1
  }
},
{
  "model": "webapp.comment",
  "pk": 26,
  "fields": {
    "created_at": "2023-12-19T11:19:53.811Z",
    "updated_at": "2023-12-19T11:19:53.811Z",
    "article": 89,
    "text": "Trouble save model while.",
    "author": 1
  }
},
{
  "model": "webapp.comment",
  "pk": 27,
  "fields": {
    "created_at": "2023-12-19T11:19:53.811Z",
    "updated_at": "2023-12-19T11:19:53.811Z",
    "article": 90,
    "text": "Hear sport bed still difference sound.",
    "author": 1
  }
},
{
  "model": "webapp.comment",
  "pk": 28,
  "fields": {
    "created_at": "2023-12-19T11:19:53.812Z",
    "updated_at": "2023-12-19T11:19:53.812Z",
    "article": 91,
    "text": "Investment option look data.",
    "author": 1
  }
},
{
  "model": "webapp.comment",
  "pk": 29,
  "fields": {
    "created_at": "2023-12-19T11:19:53.813Z",
    "updated_at": "2023-12-19T11:19:53.813Z",
    "article": 92,
    "text": "Prevent customer increase think sea.",
    "author": 1
  }
},
{
  "model": "webapp.comment",
  "pk": 30,
  "fields": {
    "created_at": "2023-12-19T11:19:53.814Z",
    "updated_at": "2023-12-19T11:19:53.814Z",
    "article": 93,
    "text": "Next hope give trade.",
    "author": 1
  }
},
{
  "model": "webapp.comment",
  "pk": 31,
  "fields": {
    "created_at": "2023-12-19T11:19:53.814Z",
    "updated_at": "2023-12-19T11:19:53.814Z",
    "article": 94,
    "text": "Side stop minute international she.",
    "author": 1
  }
},
{
  "model": "webapp.comment",
  "pk": 32,
  "fields": {
    "created_at": "2023-12-19T11:19:53.815Z",
    "updated_at": "2023-12-19T11:19:53.815Z",
    "article": 95,
    "text": "Worry one such beyond summer say.",
    "author": 1
  }
},
{
  "model": "webapp.comment",
  "pk": 33,
  "fields": {
    "created_at": "2023-12-19T11:19:53.815Z",
    "updated_at": "2023-12-19T11:19:53.815Z",
    "article": 96,
    "text": "Cell financial safe oil condition.",
    "author": 1
  }
},
{
  "model": "webapp.comment",
  "pk": 34,
  "fields": {
    "created_at": "2023-12-19T11:19:53.816Z",
    "updated_at": "2023-12-19T11:19:53.816Z",
    "article": 97,
    "text": "Always politics authority suddenly.",
    "author": 1
  }
},
{
  "model": "webapp.comment",
  "pk": 35,
  "fields": {
    "created_at": "2023-12-19T11:19:53.816Z",
    "updated_at": "2023-12-19T11:19:53.816Z",
    "article": 98,
    "text": "Reduce listen represent sense.",
    "author": 1
  }
},
{
  "model": "webapp.comment",
  "pk": 36,
  "fields": {
    "created_at": "2023-12-19T11:19:53.817Z",
    "updated_at": "2023-12-19T11:19:53.817Z",
    "article": 99,
    "text": "But popular laugh.",
    "author": 1
  }
},
{
  "model": "webapp.comment",
  "pk": 37,
  "fields": {
    "created_at": "2023-12-19T11:19:53.818Z",
    "updated_at": "2023-12-19T11:19:53.818Z",
    "article": 100,
    "text": "Story model worker stop campaign half.",
    "author": 1
  }
},
{
  "model": "webapp.comment",
  "pk": 38,
  "fields": {
    "created_at": "2023-12-19T11:19:53.818Z",
    "updated_at": "2023-12-19T11:19:53.818Z",
    "article": 101,
    "text": "Building child will usually about.",
    "author": 1
  }
},
{
  "model": "webapp.comment",
  "pk": 39,
  "fields": {
    "created_at": "2023-12-19T11:19:53.819Z",
    "updated_at": "2023-12-19T11:19:53.819Z",
    "article": 102,
    "text": "Brother blood water doctor.",
    "author": 1
  }
},
{
  "model": "webapp.comment",
  "pk": 40,
  "fields": {
    "created_at": "2023-12-19T11:19:53.820Z",
    "updated_at": "2023-12-19T11:19:53.820Z",
    "article": 103,
    "text": "Whatever instead low send hold.",
    "author": 1
  }
},
{
  "model": "webapp.comment",
  "pk": 41,
  "fields": {
    "created_at": "2023-12-19T11:19:53.820Z",
    "updated_at": "2023-12-19T11:19:53.820Z",
    "article": 104,
    "text": "Data subject window then see.",
    "author": 1
  }
},
{
  "model": "webapp.comment",
  "pk": 42,
  "fields": {
    "created_at": "2023-12-19T11:19:53.821Z",
    "updated_at": "2023-12-19T11:19:53.821Z",
    "article": 105,
    "text": "Brother power shake possible blood.",
    "author": 1
  }
},
{
  "model": "webapp.comment",
  "pk": 43,
  "fields": {
    "created_at": "2023-12-19T14:35:49.518Z",
    "updated_at": "2023-12-19T14:35:49.518Z",
    "article": 105,
    "text": "qwe",
    "author": 1
  }
},
{
  "model": "webapp.comment",
  "pk": 44,
  "fields": {
    "created_at": "2023-12-22T13:23:39.707Z",
    "updated_at": "2023-12-22T13:23:39.707Z",
    "article": 108,
    "text": "йцуйцуйцуйц",
    "author": 1
  }
},
{
  "model": "webapp.comment",
  "pk": 45,
  "fields": {
    "created_at": "2023-12-22T13:24:34.641Z",
    "updated_at": "2023-12-22T13:24:34.641Z",
    "article": 108,
    "text": "qweqwe",
    "author": 1
  }
},
{
  "model": "webapp.comment",
  "pk": 46,
  "fields": {
    "created_at": "2023-12-22T13:28:54.878Z",
    "updated_at": "2023-12-22T13:28:54.879Z",
    "article": 108,
    "text": "asd qwe",
    "author": 1
  }
},
{
  "model": "webapp.comment",
  "pk": 47,
  "fields": {
    "created_at": "2023-12-29T14:11:25.590Z",
    "updated_at": "2023-12-29T14:37:56.014Z",
    "article": 111,
    "text": "qweqweqweqweqwcwcw",
    "author": 4
  }
},
{
  "model": "webapp.comment",
  "pk": 48,
  "fields": {
    "created_at": "2023-12-29T14:12:45.120Z",
    "updated_at": "2023-12-29T14:37:51.911Z",
    "article": 111,
    "text": "ASDcwcw",
    "author": 2
  }
},
{
  "model": "webapp.tag",
  "pk": 1,
  "fields": {
    "created_at": "2023-12-12T13:30:14.557Z",
    "updated_at": "2023-12-12T13:30:14.557Z",
    "name": "Info"
  }
},
{
  "model": "webapp.tag",
  "pk": 2,
  "fields": {
    "created_at": "2023-12-12T13:30:40.754Z",
    "updated_at": "2023-12-12T13:30:40.754Z",
    "name": "Django"
  }
},
{
  "model": "webapp.tag",
  "pk": 3,
  "fields": {
    "created_at": "2023-12-12T13:30:56.827Z",
    "updated_at": "2023-12-12T13:30:56.827Z",
    "name": "Python"
  }
},
{
  "model": "webapp.tag",
  "pk": 4,
  "fields": {
    "created_at": "2023-12-12T13:34:30.026Z",
    "updated_at": "2023-12-12T13:34:30.026Z",
    "name": "Test"
  }
}
]